pdbID,position,class,architecture,topology_fold,homologous_superfamily,cathID,start,end,len
1oaiA00,1-59,1,10,8,10,1.10.8.10,1,59,59
1go5A00,1-69,1,10,8,10,1.10.8.10,1,69,69
3frhA01,1-58,1,10,8,10,1.10.8.10,1,58,58
3friA01,4-57,1,10,8,10,1.10.8.10,4,57,54
3b89A01,3-56,1,10,8,10,1.10.8.10,3,56,54
4g3oA00,6-58,1,10,8,10,1.10.8.10,6,58,53
4heoA00,2-56,1,10,8,10,1.10.8.10,2,56,55
4wp2F00,4-59,1,10,8,10,1.10.8.10,4,59,56
1oksA00,2-55,1,10,8,10,1.10.8.10,2,55,54
4f2lA00,1-61,1,10,8,10,1.10.8.10,1,61,61
2ltuA00,1-62,1,10,8,10,1.10.8.10,1,62,62
1zv1A00,6-64,1,10,8,10,1.10.8.10,6,64,59
2jz1A01,1-64,1,10,8,10,1.10.8.10,1,64,64
2jz0A00,1-65,1,10,8,10,1.10.8.10,1,65,65
2qhoD00,1-49,1,10,8,10,1.10.8.10,1,49,49
4un2B00,2-44,1,10,8,10,1.10.8.10,2,44,43
2bwbA00,1-46,1,10,8,10,1.10.8.10,1,46,46
2bweB00,1-48,1,10,8,10,1.10.8.10,1,48,48
1wr1B01,7-58,1,10,8,10,1.10.8.10,7,58,52
1vegA01,28-71,1,10,8,10,1.10.8.10,28,71,44
1cukA03,156-203,1,10,8,10,1.10.8.10,156,203,48
1hjpA03,159-202,1,10,8,10,1.10.8.10,159,202,44
1c7yA03,156-203,1,10,8,10,1.10.8.10,156,203,48
1t6oA00,2-50,1,10,8,10,1.10.8.10,2,50,49
2k9dA00,1-44,1,10,8,10,1.10.8.10,1,44,44
2ooaA00,11-52,1,10,8,10,1.10.8.10,11,52,42
2oobA00,8-51,1,10,8,10,1.10.8.10,8,51,44
2jnhA00,3-46,1,10,8,10,1.10.8.10,3,46,44
2oo9A00,1-46,1,10,8,10,1.10.8.10,1,46,46
2jujA00,1-56,1,10,8,10,1.10.8.10,1,56,56
3lcvB01,15-71,1,10,8,10,1.10.8.10,15,71,57
3lcuA01,15-71,1,10,8,10,1.10.8.10,15,71,57
1p3qQ00,1-47,1,10,8,10,1.10.8.10,1,47,47
1mn3A00,1-54,1,10,8,10,1.10.8.10,1,54,54
3bbzA00,2-49,1,10,8,10,1.10.8.10,2,49,48
3k9oA02,159-201,1,10,8,10,1.10.8.10,159,201,43
1ylaA02,160-201,1,10,8,10,1.10.8.10,160,201,42
2o25A02,160-201,1,10,8,10,1.10.8.10,160,201,42
3k9pA02,175-216,1,10,8,10,1.10.8.10,175,216,42
5dflA02,158-199,1,10,8,10,1.10.8.10,158,199,42
3e21A00,3-42,1,10,8,10,1.10.8.10,3,42,40
3mmpA01,4-56,1,10,8,10,1.10.8.10,4,56,53
1efuB01,1-54,1,10,8,10,1.10.8.10,1,54,54
4q7jE01,3-54,1,10,8,10,1.10.8.10,3,54,52
4r71A01,4-56,1,10,8,10,1.10.8.10,4,56,53
1aipH03,3-54,1,10,8,10,1.10.8.10,3,54,52
2ztdA03,162-211,1,10,8,10,1.10.8.10,162,211,50
2h5xD03,146-195,1,10,8,10,1.10.8.10,146,195,50
2ztcA03,162-211,1,10,8,10,1.10.8.10,162,211,50
3fe3A03,286-327,1,10,8,10,1.10.8.10,286,327,42
2qnjB03,283-325,1,10,8,10,1.10.8.10,283,325,43
2r0iA03,285-326,1,10,8,10,1.10.8.10,285,326,42
3iecA03,278-319,1,10,8,10,1.10.8.10,278,319,42
2wzjA03,285-326,1,10,8,10,1.10.8.10,285,326,42
1zmwA03,285-326,1,10,8,10,1.10.8.10,285,326,42
1zmuA03,285-326,1,10,8,10,1.10.8.10,285,326,42
1zmvA03,285-326,1,10,8,10,1.10.8.10,285,326,42
1y8gA03,285-326,1,10,8,10,1.10.8.10,285,326,42
2qsfX02,83-168,1,10,8,10,1.10.8.10,83,168,86
1dv0A00,3-47,1,10,8,10,1.10.8.10,3,47,45
1f4iA00,1-45,1,10,8,10,1.10.8.10,1,45,45
1oqyA02,167-209,1,10,8,10,1.10.8.10,167,209,43
1qzeA02,165-205,1,10,8,10,1.10.8.10,165,205,41
1xb2B01,1-60,1,10,8,10,1.10.8.10,1,60,60
3t6pA02,113-178,1,10,8,10,1.10.8.10,113,178,66
3ihpA04,653-699,1,10,8,10,1.10.8.10,653,699,47
2dakA00,1-63,1,10,8,10,1.10.8.10,1,63,63
2lbcA01,1-42,1,10,8,10,1.10.8.10,1,42,42
1a5tA02,168-207,1,10,8,10,1.10.8.10,168,207,40
1jr3E02,168-207,1,10,8,10,1.10.8.10,168,207,40
3glgE02,168-207,1,10,8,10,1.10.8.10,168,207,40
3glfE02,168-207,1,10,8,10,1.10.8.10,168,207,40
3gliE02,168-207,1,10,8,10,1.10.8.10,168,207,40
3glhE02,168-208,1,10,8,10,1.10.8.10,168,208,41
1xxhE02,168-207,1,10,8,10,1.10.8.10,168,207,40
3h4jA03,276-331,1,10,8,10,1.10.8.10,276,331,56
2hwjA02,135-195,1,10,8,10,1.10.8.10,135,195,61
2dagA01,10-51,1,10,8,10,1.10.8.10,10,51,42
1vekA01,26-72,1,10,8,10,1.10.8.10,26,72,47
1whcA01,10-51,1,10,8,10,1.10.8.10,10,51,42
1tr8A02,63-101,1,10,8,10,1.10.8.10,63,101,39
4dbgB02,55-115,1,10,8,10,1.10.8.10,55,115,61
1ixrB03,139-191,1,10,8,10,1.10.8.10,139,191,53
1ixsA00,13-62,1,10,8,10,1.10.8.10,13,62,50
1g4aE02,110-243,1,10,8,10,1.10.8.10,110,243,134
1nv8B01,15-87,1,10,8,10,1.10.8.10,15,87,73
1nv9A01,15-87,1,10,8,10,1.10.8.10,15,87,73
1sg9A01,12-85,1,10,8,10,1.10.8.10,12,85,74
1vq1A01,24-97,1,10,8,10,1.10.8.10,24,97,74
1bvsF03,148-199,1,10,8,10,1.10.8.10,148,199,52
1im2A02,110-244,1,10,8,10,1.10.8.10,110,244,135
1g3iT02,110-244,1,10,8,10,1.10.8.10,110,244,135
1g41A02,110-244,1,10,8,10,1.10.8.10,110,244,135
1kyiA02,110-244,1,10,8,10,1.10.8.10,110,244,135
4gewA01,21-115,1,10,8,10,1.10.8.10,21,115,95
4f1iA01,21-115,1,10,8,10,1.10.8.10,21,115,95
5ji2E02,116-249,1,10,8,10,1.10.8.10,116,249,134
1do0A02,109-242,1,10,8,10,1.10.8.10,109,242,134
1e94E02,116-249,1,10,8,10,1.10.8.10,116,249,134
1hqyE02,116-249,1,10,8,10,1.10.8.10,116,249,134
1ht1E02,116-249,1,10,8,10,1.10.8.10,116,249,134
1ht2E02,116-249,1,10,8,10,1.10.8.10,116,249,134
1do2A02,109-242,1,10,8,10,1.10.8.10,109,242,134
2b3tA01,1-84,1,10,8,10,1.10.8.10,1,84,84
1t43A01,2-84,1,10,8,10,1.10.8.10,2,84,83
1q02A00,1-52,1,10,8,10,1.10.8.10,1,52,52
2jy7A00,1-52,1,10,8,10,1.10.8.10,1,52,52
2k0bX00,1-52,1,10,8,10,1.10.8.10,1,52,52
2knvA00,1-52,1,10,8,10,1.10.8.10,1,52,52
2rruA00,1-53,1,10,8,10,1.10.8.10,1,53,53
2jy5A00,1-52,1,10,8,10,1.10.8.10,1,52,52
2jy6B00,1-52,1,10,8,10,1.10.8.10,1,52,52
2knzA00,1-53,1,10,8,10,1.10.8.10,1,53,53
2lvnC00,1-52,1,10,8,10,1.10.8.10,1,52,52
2lvoC00,1-52,1,10,8,10,1.10.8.10,1,52,52
2lvpC00,1-52,1,10,8,10,1.10.8.10,1,52,52
2lvqD00,1-52,1,10,8,10,1.10.8.10,1,52,52
2ejsA00,1-58,1,10,8,10,1.10.8.10,1,58,58
2mgwA00,1-52,1,10,8,10,1.10.8.10,1,52,52
2mj5B00,1-52,1,10,8,10,1.10.8.10,1,52,52
2cp8A00,1-54,1,10,8,10,1.10.8.10,1,54,54
1r4gA00,1-53,1,10,8,10,1.10.8.10,1,53,53
2knaA01,22-75,1,10,8,10,1.10.8.10,22,75,54
1ifyA00,1-49,1,10,8,10,1.10.8.10,1,49,49
1otrA00,1-49,1,10,8,10,1.10.8.10,1,49,49
1tteA02,159-215,1,10,8,10,1.10.8.10,159,215,57
2jp7A00,1-57,1,10,8,10,1.10.8.10,1,57,57
2khhA00,3-59,1,10,8,10,1.10.8.10,3,59,57
2l4eA00,3-59,1,10,8,10,1.10.8.10,3,59,57
2l4fA00,3-59,1,10,8,10,1.10.8.10,3,59,57
1pgyA00,1-47,1,10,8,10,1.10.8.10,1,47,47
2ekkA00,1-47,1,10,8,10,1.10.8.10,1,47,47
1ufzA01,26-83,1,10,8,10,1.10.8.10,26,83,58
1v92A00,1-46,1,10,8,10,1.10.8.10,1,46,46
2di0A01,10-55,1,10,8,10,1.10.8.10,10,55,46
2ekfA01,9-54,1,10,8,10,1.10.8.10,9,54,46
1wglA00,1-59,1,10,8,10,1.10.8.10,1,59,59
2dhyA00,1-67,1,10,8,10,1.10.8.10,1,67,67
1wj7A01,19-78,1,10,8,10,1.10.8.10,19,78,60
2lvaA01,19-62,1,10,8,10,1.10.8.10,19,62,44
2mr9A00,1-44,1,10,8,10,1.10.8.10,1,44,44
2mroB00,1-44,1,10,8,10,1.10.8.10,1,44,44
2g3qA00,1-43,1,10,8,10,1.10.8.10,1,43,43
1wgnA00,1-63,1,10,8,10,1.10.8.10,1,63,63
1wivA00,1-73,1,10,8,10,1.10.8.10,1,73,73
2dzlA00,1-66,1,10,8,10,1.10.8.10,1,66,66
2damA00,1-67,1,10,8,10,1.10.8.10,1,67,67
1vdlA00,1-80,1,10,8,10,1.10.8.10,1,80,80
2dnaA00,1-67,1,10,8,10,1.10.8.10,1,67,67
1vg5A00,1-73,1,10,8,10,1.10.8.10,1,73,73
1vejA00,1-74,1,10,8,10,1.10.8.10,1,74,74
2l2dA00,1-73,1,10,8,10,1.10.8.10,1,73,73
2daeA00,1-75,1,10,8,10,1.10.8.10,1,75,75
2daiA00,1-83,1,10,8,10,1.10.8.10,1,83,83
2ab5A01,9-135,3,10,28,10,3.10.28.10,9,135,127
2qojZ01,1-119,3,10,28,10,3.10.28.10,1,119,119
1p8kZ01,1-119,3,10,28,10,3.10.28.10,1,119,119
3eh8A01,1-119,3,10,28,10,3.10.28.10,1,119,119
3uvfA01,1-120,3,10,28,10,3.10.28.10,1,120,120
3c0wA01,3-122,3,10,28,10,3.10.28.10,3,122,120
1r7mA01,3-122,3,10,28,10,3.10.28.10,3,122,120
3c0xA01,3-122,3,10,28,10,3.10.28.10,3,122,120
3oolA01,5-124,3,10,28,10,3.10.28.10,5,124,120
5a0mB01,2-122,3,10,28,10,3.10.28.10,2,122,121
3oorA01,5-124,3,10,28,10,3.10.28.10,5,124,120
1dq3A03,138-224,3,10,28,10,3.10.28.10,138,224,87
2dchX01,10-105,3,10,28,10,3.10.28.10,10,105,96
1t9iA00,2-154,3,10,28,10,3.10.28.10,2,154,153
1g9zA00,1-152,3,10,28,10,3.10.28.10,1,152,152
1n3fA00,3-151,3,10,28,10,3.10.28.10,3,151,149
2o7mA00,2-154,3,10,28,10,3.10.28.10,2,154,153
1g9yA00,1-152,3,10,28,10,3.10.28.10,1,152,152
4aqxA00,1-152,3,10,28,10,3.10.28.10,1,152,152
4aquA00,1-152,3,10,28,10,3.10.28.10,1,152,152
1n3eA00,3-153,3,10,28,10,3.10.28.10,3,153,151
1bp7A00,1-152,3,10,28,10,3.10.28.10,1,152,152
1t9jA00,3-153,3,10,28,10,3.10.28.10,3,153,151
1af5A00,1-135,3,10,28,10,3.10.28.10,1,135,135
2i3pA00,2-153,3,10,28,10,3.10.28.10,2,153,152
2i3qA00,2-153,3,10,28,10,3.10.28.10,2,153,152
4aafA00,1-151,3,10,28,10,3.10.28.10,1,151,151
4aabA00,1-152,3,10,28,10,3.10.28.10,1,152,152
4aaeA00,1-152,3,10,28,10,3.10.28.10,1,152,152
4aagA00,1-152,3,10,28,10,3.10.28.10,1,152,152
4aadA00,1-151,3,10,28,10,3.10.28.10,1,151,151
1u0cA00,2-153,3,10,28,10,3.10.28.10,2,153,152
1u0dA00,2-153,3,10,28,10,3.10.28.10,2,153,152
1mowG01,7-117,3,10,28,10,3.10.28.10,7,117,111
2vblA00,2-153,3,10,28,10,3.10.28.10,2,153,152
2vboB00,2-153,3,10,28,10,3.10.28.10,2,153,152
2vbnB00,2-153,3,10,28,10,3.10.28.10,2,153,152
2vbjA00,1-152,3,10,28,10,3.10.28.10,1,152,152
3mxaA01,3-153,3,10,28,10,3.10.28.10,3,153,151
3mx9A01,3-151,3,10,28,10,3.10.28.10,3,151,149
3mxbS00,3-154,3,10,28,10,3.10.28.10,3,154,152
2xe0A00,1-152,3,10,28,10,3.10.28.10,1,152,152
1jvaB02,194-314,3,10,28,10,3.10.28.10,194,314,121
1ef0A02,187-307,3,10,28,10,3.10.28.10,187,307,121
1vdeA02,183-303,3,10,28,10,3.10.28.10,183,303,121
1dfaA02,200-303,3,10,28,10,3.10.28.10,200,303,104
1um2B02,183-303,3,10,28,10,3.10.28.10,183,303,121
1lwtA02,183-303,3,10,28,10,3.10.28.10,183,303,121
1lwsA02,200-303,3,10,28,10,3.10.28.10,200,303,104
4loxA01,3-147,3,10,28,10,3.10.28.10,3,147,145
5e67A01,7-147,3,10,28,10,3.10.28.10,7,147,141
5e5sA01,4-147,3,10,28,10,3.10.28.10,4,147,144
5e5oA01,7-147,3,10,28,10,3.10.28.10,7,147,141
5e63A01,8-147,3,10,28,10,3.10.28.10,8,147,140
4z20D01,9-148,3,10,28,10,3.10.28.10,9,148,140
4z1zA01,7-148,3,10,28,10,3.10.28.10,7,148,142
4lq0A01,7-150,3,10,28,10,3.10.28.10,7,150,144
4efjA01,6-145,3,10,28,10,3.10.28.10,6,145,140
4z1xA01,5-144,3,10,28,10,3.10.28.10,5,144,140
4yhxA01,4-144,3,10,28,10,3.10.28.10,4,144,141
3qqyA01,6-151,3,10,28,10,3.10.28.10,6,151,146
3r7pA01,15-152,3,10,28,10,3.10.28.10,15,152,138
4yisA01,1-139,3,10,28,10,3.10.28.10,1,139,139
4yitA01,1-137,3,10,28,10,3.10.28.10,1,137,137
2vs7A01,4-101,3,10,28,10,3.10.28.10,4,101,98
2vs8A01,6-102,3,10,28,10,3.10.28.10,6,102,97
4d6oA01,4-101,3,10,28,10,3.10.28.10,4,101,98
5a0wA01,5-101,3,10,28,10,3.10.28.10,5,101,97
4unaA01,4-101,3,10,28,10,3.10.28.10,4,101,98
4uncD01,4-101,3,10,28,10,3.10.28.10,4,101,98
4d6nA01,5-101,3,10,28,10,3.10.28.10,5,101,97
4ut0A01,5-101,3,10,28,10,3.10.28.10,5,101,97
4unbA01,4-101,3,10,28,10,3.10.28.10,4,101,98
4un8A01,4-101,3,10,28,10,3.10.28.10,4,101,98
4un7A01,4-101,3,10,28,10,3.10.28.10,4,101,98
4un9A01,4-101,3,10,28,10,3.10.28.10,4,101,98
1b24A01,7-101,3,10,28,10,3.10.28.10,7,101,95
5akmK01,4-101,3,10,28,10,3.10.28.10,4,101,98
5akfA01,5-101,3,10,28,10,3.10.28.10,5,101,97
5ak9A01,5-101,3,10,28,10,3.10.28.10,5,101,97
5aknF01,5-101,3,10,28,10,3.10.28.10,5,101,97
2fldA00,1-161,3,10,28,10,3.10.28.10,1,161,161
1m5xA00,6-166,3,10,28,10,3.10.28.10,6,166,161
3fd2A01,5-178,3,10,28,10,3.10.28.10,5,178,174
3misA00,1-161,3,10,28,10,3.10.28.10,1,161,161
3mipA00,1-161,3,10,28,10,3.10.28.10,1,161,161
3ko2A00,6-166,3,10,28,10,3.10.28.10,6,166,161
5a74A00,5-161,3,10,28,10,3.10.28.10,5,161,157
5a77A00,5-161,3,10,28,10,3.10.28.10,5,161,157
5a78A00,5-161,3,10,28,10,3.10.28.10,5,161,157
5a72A00,5-161,3,10,28,10,3.10.28.10,5,161,157
3e54A00,4-162,3,10,28,10,3.10.28.10,4,162,159
2cw8A03,274-442,3,10,28,10,3.10.28.10,274,442,169
2cw7A03,274-442,3,10,28,10,3.10.28.10,274,442,169
3hyiA01,7-201,3,10,28,10,3.10.28.10,7,201,195
3hyjA00,1-193,3,10,28,10,3.10.28.10,1,193,193
2ex5A00,1-207,3,10,28,10,3.10.28.10,1,207,207
